Data;Entrega;Número da Compra;Fornecedor;Comprador;Situação Compra;Códigos;Produto;Entregue;Entregar;Quantidade Compra;Preço Custo;Preço Venda;Valor Compra
24/04/2025;24/04/2025;26;A & F COMERCIO DE PLASTICOS LTDA;Silvia Batista;Finalizado;1532002086585710;"FITA CA 30 PRETA( 50MTS)
PCT COMERCIO DE TAPECARIA EIRELI ( Fernanda Tapeçaria)";1;0;1;39;;39
24/04/2025;24/04/2025;26;A & F COMERCIO DE PLASTICOS LTDA;Silvia Batista;Finalizado;2532003523794480;"NYLON ACOPLADO
A & F COMERCIO DE PLASTICOS LTDA";10;0;10;12;;115
24/04/2025;24/04/2025;26;A & F COMERCIO DE PLASTICOS LTDA;Silvia Batista;Finalizado;2642003595556260;"PLÁSTICO CRISTAL 030
A & F COMERCIO DE PLASTICOS LTDA";10;0;10;22;;170
24/04/2025;24/04/2025;26;A & F COMERCIO DE PLASTICOS LTDA;Silvia Batista;Finalizado;1462004078863040;"FITA CA 50 PRETA (50MTS)
PCT COMERCIO DE TAPECARIA EIRELI ( Fernanda Tapeçaria)";2;0;2;59;;117
17/04/2025;17/04/2025;20;A & F COMERCIO DE PLASTICOS LTDA;Silvia Batista;Finalizado;2542008220091370;"FIBRA SILICONADA ENCHIMENTO
A & F COMERCIO DE PLASTICOS LTDA";1;0;1;25;;25
15/04/2025;15/04/2025;24;PONTUAL COMERCIO DE EMBALAGENS LTDA;Silvia Batista;Finalizado;1642006210719270;"PAPEL A4 75G 210X297MM CHAMEX RESMA 500FLS
PONTUAL COMERCIO DE EMBALAGENS LTDA";1;0;1;30;;30
15/04/2025;15/04/2025;24;PONTUAL COMERCIO DE EMBALAGENS LTDA;Silvia Batista;Finalizado;1332003772544760;"FITA ADESIVA PVC 48MMX100M TRASPARENTE KORETECH
PONTUAL COMERCIO DE EMBALAGENS LTDA";1;0;1;41;;41
15/04/2025;15/04/2025;24;PONTUAL COMERCIO DE EMBALAGENS LTDA;Silvia Batista;Finalizado;2572003204825100;"BALA MASTIGÁVEL
PONTUAL COMERCIO DE EMBALAGENS LTDA";1;0;1;10;;10
15/04/2025;15/04/2025;24;PONTUAL COMERCIO DE EMBALAGENS LTDA;Silvia Batista;Finalizado;2592001495530800;"SACO ADESIVADO
PONTUAL COMERCIO DE EMBALAGENS LTDA";2;0;2;6;;12
15/04/2025;15/04/2025;24;PONTUAL COMERCIO DE EMBALAGENS LTDA;Silvia Batista;Finalizado;2582004777979370;CAIXA DE PAPELÃO CORREIOS GG N4 38X32X12CM;20;0;20;7;;148
15/04/2025;15/04/2025;24;PONTUAL COMERCIO DE EMBALAGENS LTDA;Silvia Batista;Finalizado;2602001944596700;"SACO 0PLÁSTICO 35X45X0,08
PONTUAL COMERCIO DE EMBALAGENS LTDA";2;0;2;30;;60
15/04/2025;15/04/2025;24;PONTUAL COMERCIO DE EMBALAGENS LTDA;Silvia Batista;Finalizado;2612005982809430;"CAIXA DE PAPELÃO 63X35X36CM BOXPAC
PONTUAL COMERCIO DE EMBALAGENS LTDA";10;0;10;11;;111
10/04/2025;10/04/2025;21;COMERCIAL DE PLASTICOS LR EIRELI;Silvia Batista;Finalizado;2262005340600180;"PASSADOR OVAL S/S 51MM AR 3.50 NIQUEL
COMERCIAL DE PLASTICOS LR EIRELI";1;0;1;395;;256
10/04/2025;10/04/2025;21;COMERCIAL DE PLASTICOS LR EIRELI;Silvia Batista;Finalizado;1152003849981940;"1/2 ARGOLA S/S 29MM AR 3.00 NIQUEL VAL APROX TRIBUTOS 13,00(30,44%)
COMERCIAL DE PLASTICOS LR EIRELI";10;0;10;37;;375
10/04/2025;10/04/2025;19;A & F COMERCIO DE PLASTICOS LTDA;Silvia Batista;Finalizado;2072006797885970;"NYLON EMBORRACHADO CORES
Couraça Couros";20;0;20;20;;390
10/04/2025;10/04/2025;19;A & F COMERCIO DE PLASTICOS LTDA;Silvia Batista;Finalizado;1742002573176070;"VELCRO 16MM
Couraça Couros";1;0;1;23;;23
10/04/2025;10/04/2025;19;A & F COMERCIO DE PLASTICOS LTDA;Silvia Batista;Finalizado;1462004078863040;"FITA CA 50 PRETA (50MTS)
PCT COMERCIO DE TAPECARIA EIRELI ( Fernanda Tapeçaria)";4;0;4;58;;232
10/04/2025;10/04/2025;19;A & F COMERCIO DE PLASTICOS LTDA;Silvia Batista;Finalizado;1662007801384350;"FITA DE 30 PRETA
Couraça Couros";1;0;1;39;;39
10/04/2025;10/04/2025;19;A & F COMERCIO DE PLASTICOS LTDA;Silvia Batista;Finalizado;2532003523794480;"NYLON ACOPLADO
A & F COMERCIO DE PLASTICOS LTDA";10;0;10;12;;17
07/04/2025;07/04/2025;22;A & F COMERCIO DE PLASTICOS LTDA;Silvia Batista;Finalizado;1282005884390500;"LINHA 60 80GR PRETA
PCT COMERCIO DE TAPECARIA EIRELI ( Fernanda Tapeçaria)";2;0;2;17;;33
07/04/2025;07/04/2025;22;A & F COMERCIO DE PLASTICOS LTDA;Silvia Batista;Finalizado;1532002086585710;"FITA CA 30 PRETA( 50MTS)
PCT COMERCIO DE TAPECARIA EIRELI ( Fernanda Tapeçaria)";1;0;1;39;;39
07/04/2025;07/04/2025;22;A & F COMERCIO DE PLASTICOS LTDA;Silvia Batista;Finalizado;2072006797885970;"NYLON EMBORRACHADO CORES
Couraça Couros";20;0;20;20;;390
07/04/2025;07/04/2025;22;A & F COMERCIO DE PLASTICOS LTDA;Silvia Batista;Finalizado;2552009285668580;"TELA DE VOLEI
A & F COMERCIO DE PLASTICOS LTDA";10;0;10;8;;75
07/04/2025;07/04/2025;22;A & F COMERCIO DE PLASTICOS LTDA;Silvia Batista;Finalizado;1682003632128260;"RABO DE RATO
Couraça Couros";1;0;1;47;;47
07/04/2025;07/04/2025;22;A & F COMERCIO DE PLASTICOS LTDA;Silvia Batista;Finalizado;1462004078863040;"FITA CA 50 PRETA (50MTS)
PCT COMERCIO DE TAPECARIA EIRELI ( Fernanda Tapeçaria)";4;0;4;58;;232
07/04/2025;07/04/2025;22;A & F COMERCIO DE PLASTICOS LTDA;Silvia Batista;Finalizado;1162005018651980;"FITA VIES PYD 25MM PRETO VAL APROX TRIBUTOS: 24,97(30,45%)
COMERCIAL DE PLASTICOS LR EIRELI";2;0;2;26;;-16
04/04/2025;04/04/2025;23;BROADWAY REVESTIMENTOS;Silvia Batista;Finalizado;2562006081702110;"TECIDO AUTOMOTIVO
BROADWAY REVESTIMENTOS";5;0;5;62;;295
02/04/2025;02/04/2025;25;MALHARIA IPANEMA LTDA;Silvia Batista;Finalizado;2622007783731970;"RETALHO DE BRIM /POLYCOTTON/RIP STOP
MALHARIA IPANEMA LTDA";2;0;2;25;;42
02/04/2025;02/04/2025;25;MALHARIA IPANEMA LTDA;Silvia Batista;Finalizado;2632001089996560;"SACOLA BIODEGRADAVEL
MALHARIA IPANEMA LTDA";1;0;1;0;;0
